Trip ID,Depart Time (s),Arrival Time (s),Trip Duration (s),Route Length (m),Waiting Time (s),Vehicle Type,Speed Factor,Congestion %
4,5.0,24.0,19.0,249.02,0.0,DEFAULT_VEHTYPE,1.08,0.0
5,5.0,24.0,19.0,342.24,0.0,DEFAULT_VEHTYPE,1.03,0.0
1,1.0,38.0,37.0,534.28,0.0,DEFAULT_VEHTYPE,1.06,0.0
10,22.0,39.0,17.0,235.25,0.0,DEFAULT_VEHTYPE,0.86,0.0
13,26.0,40.0,14.0,200.64,0.0,DEFAULT_VEHTYPE,1.03,0.0
9,16.0,43.0,27.0,448.12,0.0,DEFAULT_VEHTYPE,0.94,0.0
2,2.0,49.0,47.0,18.11,42.0,DEFAULT_VEHTYPE,0.94,89.36170212765957
7,12.0,52.0,40.0,48.83,28.0,DEFAULT_VEHTYPE,1.05,70.0
19,48.0,53.0,5.0,30.3,0.0,DEFAULT_VEHTYPE,0.88,0.0
6,9.0,54.0,45.0,137.15,29.0,DEFAULT_VEHTYPE,0.83,64.44444444444444
3,4.0,56.0,52.0,358.36,19.0,DEFAULT_VEHTYPE,1.01,36.53846153846153
21,41.0,58.0,17.0,50.35,1.0,DEFAULT_VEHTYPE,0.94,5.88235294117647
16,33.0,59.0,26.0,89.73,11.0,DEFAULT_VEHTYPE,1.12,42.30769230769231
28,54.0,71.0,17.0,130.91,0.0,DEFAULT_VEHTYPE,0.97,0.0
34,65.0,88.0,23.0,224.67,0.0,DEFAULT_VEHTYPE,0.92,0.0
17,33.0,93.0,60.0,816.05,6.0,DEFAULT_VEHTYPE,0.99,10.0
33,63.0,93.0,30.0,483.62,0.0,DEFAULT_VEHTYPE,0.87,0.0
36,67.0,95.0,28.0,51.79,15.0,DEFAULT_VEHTYPE,1.13,53.57142857142857
15,31.0,96.0,65.0,844.21,0.0,DEFAULT_VEHTYPE,1.05,0.0
18,36.0,97.0,61.0,51.91,50.0,DEFAULT_VEHTYPE,0.93,81.9672131147541
41,77.0,106.0,29.0,239.25,8.0,DEFAULT_VEHTYPE,1.15,27.586206896551722
23,44.0,111.0,67.0,1023.97,0.0,DEFAULT_VEHTYPE,0.94,0.0
40,74.0,115.0,41.0,536.7,0.0,DEFAULT_VEHTYPE,1.18,0.0
8,14.0,124.0,110.0,1237.99,26.0,DEFAULT_VEHTYPE,0.89,23.636363636363637
11,24.0,127.0,103.0,1237.99,20.0,DEFAULT_VEHTYPE,1.09,19.41747572815534
68,130.0,131.0,1.0,0.0,0.0,DEFAULT_VEHTYPE,1.17,0.0
27,51.0,136.0,85.0,1237.99,0.0,DEFAULT_VEHTYPE,1.01,0.0
58,115.0,138.0,23.0,393.9,0.0,DEFAULT_VEHTYPE,1.09,0.0
49,92.0,141.0,49.0,93.57,32.0,DEFAULT_VEHTYPE,1.02,65.3061224489796
32,62.0,142.0,80.0,1264.38,0.0,DEFAULT_VEHTYPE,0.83,0.0
45,137.0,142.0,5.0,21.96,0.0,DEFAULT_VEHTYPE,1.17,0.0
35,66.0,145.0,79.0,422.19,43.0,DEFAULT_VEHTYPE,0.95,54.43037974683544
62,123.0,146.0,23.0,152.14,1.0,DEFAULT_VEHTYPE,1.0,4.3478260869565215
51,97.0,148.0,51.0,253.17,21.0,DEFAULT_VEHTYPE,1.18,41.17647058823529
52,100.0,149.0,49.0,129.49,22.0,DEFAULT_VEHTYPE,1.1,44.89795918367347
59,115.0,158.0,43.0,73.32,24.0,DEFAULT_VEHTYPE,1.04,55.81395348837209
25,49.0,160.0,111.0,665.63,54.0,DEFAULT_VEHTYPE,1.02,48.64864864864865
79,156.0,161.0,5.0,26.09,0.0,DEFAULT_VEHTYPE,0.97,0.0
78,150.0,164.0,14.0,58.92,1.0,DEFAULT_VEHTYPE,1.02,7.142857142857142
57,107.0,168.0,61.0,360.62,30.0,DEFAULT_VEHTYPE,0.96,49.18032786885246
69,133.0,168.0,35.0,414.9,0.0,DEFAULT_VEHTYPE,1.02,0.0
53,103.0,172.0,69.0,528.67,25.0,DEFAULT_VEHTYPE,0.9,36.231884057971016
72,136.0,182.0,46.0,1041.08,0.0,DEFAULT_VEHTYPE,1.0,0.0
24,45.0,183.0,138.0,1180.49,44.0,DEFAULT_VEHTYPE,1.16,31.88405797101449
30,56.0,183.0,127.0,1041.5,41.0,DEFAULT_VEHTYPE,0.89,32.28346456692913
54,103.0,184.0,81.0,678.84,27.0,DEFAULT_VEHTYPE,1.03,33.33333333333333
82,159.0,184.0,25.0,434.35,0.0,DEFAULT_VEHTYPE,1.08,0.0
63,123.0,188.0,65.0,797.95,0.0,DEFAULT_VEHTYPE,0.9,0.0
67,127.0,189.0,62.0,131.66,40.0,DEFAULT_VEHTYPE,0.85,64.51612903225806
37,71.0,192.0,121.0,1272.94,32.0,DEFAULT_VEHTYPE,0.93,26.446280991735538
44,81.0,192.0,111.0,1424.95,44.0,DEFAULT_VEHTYPE,1.01,39.63963963963964
60,116.0,198.0,82.0,680.38,25.0,DEFAULT_VEHTYPE,1.04,30.48780487804878
94,199.0,200.0,1.0,0.0,0.0,DEFAULT_VEHTYPE,1.04,0.0
65,124.0,205.0,81.0,1262.1,0.0,DEFAULT_VEHTYPE,0.85,0.0
91,177.0,210.0,33.0,315.12,0.0,DEFAULT_VEHTYPE,0.91,0.0
101,210.0,211.0,1.0,0.0,0.0,DEFAULT_VEHTYPE,0.97,0.0
71,135.0,230.0,95.0,628.74,36.0,DEFAULT_VEHTYPE,1.0,37.89473684210527
74,139.0,232.0,93.0,368.69,46.0,DEFAULT_VEHTYPE,1.14,49.46236559139785
107,219.0,233.0,14.0,57.96,0.0,DEFAULT_VEHTYPE,1.03,0.0
64,124.0,234.0,110.0,1262.82,12.0,DEFAULT_VEHTYPE,0.88,10.909090909090908
95,192.0,235.0,43.0,356.6,6.0,DEFAULT_VEHTYPE,1.02,13.953488372093023
90,176.0,239.0,63.0,661.21,0.0,DEFAULT_VEHTYPE,0.88,0.0
109,223.0,239.0,16.0,253.22,0.0,DEFAULT_VEHTYPE,1.01,0.0
105,218.0,243.0,25.0,435.76,0.0,DEFAULT_VEHTYPE,0.98,0.0
73,136.0,244.0,108.0,641.15,49.0,DEFAULT_VEHTYPE,0.9,45.370370370370374
88,169.0,245.0,76.0,1290.33,0.0,DEFAULT_VEHTYPE,0.99,0.0
92,178.0,248.0,70.0,688.46,15.0,DEFAULT_VEHTYPE,0.91,21.428571428571427
87,169.0,253.0,84.0,1294.68,10.0,DEFAULT_VEHTYPE,1.02,11.904761904761903
61,119.0,254.0,135.0,1347.73,29.0,DEFAULT_VEHTYPE,1.09,21.48148148148148
117,245.0,261.0,16.0,253.22,0.0,DEFAULT_VEHTYPE,0.97,0.0
98,194.0,262.0,68.0,573.39,20.0,DEFAULT_VEHTYPE,1.02,29.411764705882355
47,88.0,272.0,184.0,1856.2,44.0,DEFAULT_VEHTYPE,0.99,23.91304347826087
124,255.0,273.0,18.0,289.2,0.0,DEFAULT_VEHTYPE,1.02,0.0
103,215.0,274.0,59.0,406.83,30.0,DEFAULT_VEHTYPE,1.06,50.847457627118644
89,182.0,276.0,94.0,542.05,45.0,DEFAULT_VEHTYPE,0.94,47.87234042553192
84,162.0,278.0,116.0,1240.18,35.0,DEFAULT_VEHTYPE,1.12,30.17241379310345
133,275.0,279.0,4.0,10.38,0.0,DEFAULT_VEHTYPE,1.01,0.0
70,134.0,281.0,147.0,761.62,69.0,DEFAULT_VEHTYPE,1.1,46.93877551020408
114,239.0,281.0,42.0,244.66,19.0,DEFAULT_VEHTYPE,1.0,45.23809523809524
112,235.0,287.0,52.0,581.02,0.0,DEFAULT_VEHTYPE,1.03,0.0
120,249.0,290.0,41.0,654.07,0.0,DEFAULT_VEHTYPE,0.98,0.0
121,251.0,292.0,41.0,596.12,0.0,DEFAULT_VEHTYPE,1.0,0.0
119,247.0,293.0,46.0,814.86,0.0,DEFAULT_VEHTYPE,1.15,0.0
128,259.0,293.0,34.0,425.41,0.0,DEFAULT_VEHTYPE,0.83,0.0
104,216.0,298.0,82.0,1836.65,0.0,DEFAULT_VEHTYPE,0.96,0.0
132,275.0,300.0,25.0,237.51,2.0,DEFAULT_VEHTYPE,1.06,8.0
153,297.0,303.0,6.0,35.31,0.0,DEFAULT_VEHTYPE,0.87,0.0
148,291.0,318.0,27.0,62.76,15.0,DEFAULT_VEHTYPE,1.03,55.55555555555556
135,267.0,319.0,52.0,1308.11,0.0,DEFAULT_VEHTYPE,1.12,0.0
134,265.0,320.0,55.0,165.42,30.0,DEFAULT_VEHTYPE,0.91,54.54545454545454
50,95.0,323.0,228.0,1264.76,101.0,DEFAULT_VEHTYPE,0.97,44.29824561403509
127,258.0,323.0,65.0,950.17,0.0,DEFAULT_VEHTYPE,0.89,0.0
130,277.0,325.0,48.0,94.09,17.0,DEFAULT_VEHTYPE,0.92,35.41666666666667
155,316.0,325.0,9.0,6.02,5.0,DEFAULT_VEHTYPE,1.1,55.55555555555556
102,211.0,329.0,118.0,1385.31,15.0,DEFAULT_VEHTYPE,0.94,12.711864406779661
122,252.0,332.0,80.0,623.03,6.0,DEFAULT_VEHTYPE,1.04,7.5
164,330.0,333.0,3.0,5.95,0.0,DEFAULT_VEHTYPE,1.1,0.0
162,322.0,336.0,14.0,85.16,0.0,DEFAULT_VEHTYPE,1.07,0.0
123,253.0,347.0,94.0,386.71,50.0,DEFAULT_VEHTYPE,1.01,53.191489361702125
168,339.0,350.0,11.0,58.91,0.0,DEFAULT_VEHTYPE,1.06,0.0
116,244.0,357.0,113.0,800.71,48.0,DEFAULT_VEHTYPE,1.02,42.47787610619469
136,271.0,366.0,95.0,813.42,43.0,DEFAULT_VEHTYPE,1.1,45.26315789473684
126,257.0,367.0,110.0,1057.6,28.0,DEFAULT_VEHTYPE,1.02,25.454545454545453
110,222.0,368.0,146.0,1305.57,40.0,DEFAULT_VEHTYPE,1.09,27.397260273972602
159,314.0,369.0,55.0,421.96,23.0,DEFAULT_VEHTYPE,1.18,41.81818181818181
150,294.0,370.0,76.0,706.39,10.0,DEFAULT_VEHTYPE,1.06,13.157894736842104
156,307.0,371.0,64.0,501.83,26.0,DEFAULT_VEHTYPE,1.01,40.625
131,262.0,373.0,111.0,1694.36,30.0,DEFAULT_VEHTYPE,1.09,27.027027027027028
137,271.0,373.0,102.0,1086.29,12.0,DEFAULT_VEHTYPE,1.06,11.76470588235294
171,343.0,373.0,30.0,391.06,0.0,DEFAULT_VEHTYPE,0.82,0.0
161,365.0,374.0,9.0,54.94,1.0,DEFAULT_VEHTYPE,0.99,11.11111111111111
143,283.0,375.0,92.0,1118.09,6.0,DEFAULT_VEHTYPE,0.89,6.521739130434782
152,296.0,377.0,81.0,671.62,26.0,DEFAULT_VEHTYPE,0.93,32.098765432098766
183,357.0,377.0,20.0,320.44,2.0,DEFAULT_VEHTYPE,1.12,10.0
151,294.0,382.0,88.0,1682.76,0.0,DEFAULT_VEHTYPE,0.96,0.0
157,375.0,382.0,7.0,49.67,0.0,DEFAULT_VEHTYPE,1.1,0.0
160,317.0,382.0,65.0,564.47,12.0,DEFAULT_VEHTYPE,1.0,18.461538461538463
187,367.0,385.0,18.0,284.53,0.0,DEFAULT_VEHTYPE,0.95,0.0
158,309.0,387.0,78.0,965.22,2.0,DEFAULT_VEHTYPE,0.92,2.564102564102564
163,369.0,389.0,20.0,342.24,0.0,DEFAULT_VEHTYPE,0.94,0.0
108,220.0,390.0,170.0,1753.47,45.0,DEFAULT_VEHTYPE,0.98,26.47058823529412
167,336.0,392.0,56.0,1023.97,0.0,DEFAULT_VEHTYPE,1.02,0.0
191,376.0,393.0,17.0,271.47,0.0,DEFAULT_VEHTYPE,1.16,0.0
165,330.0,400.0,70.0,875.71,0.0,DEFAULT_VEHTYPE,1.03,0.0
146,291.0,401.0,110.0,1263.94,19.0,DEFAULT_VEHTYPE,1.01,17.272727272727273
204,397.0,403.0,6.0,33.03,0.0,DEFAULT_VEHTYPE,0.96,0.0
145,289.0,405.0,116.0,1398.02,23.0,DEFAULT_VEHTYPE,1.07,19.82758620689655
142,283.0,406.0,123.0,1341.66,29.0,DEFAULT_VEHTYPE,0.95,23.577235772357724
181,351.0,406.0,55.0,1043.8,0.0,DEFAULT_VEHTYPE,1.23,0.0
177,349.0,408.0,59.0,974.13,0.0,DEFAULT_VEHTYPE,1.07,0.0
182,355.0,411.0,56.0,343.31,22.0,DEFAULT_VEHTYPE,1.01,39.285714285714285
197,408.0,413.0,5.0,18.75,0.0,DEFAULT_VEHTYPE,1.14,0.0
192,373.0,415.0,42.0,702.12,0.0,DEFAULT_VEHTYPE,0.94,0.0
202,400.0,417.0,17.0,130.05,0.0,DEFAULT_VEHTYPE,0.97,0.0
194,381.0,421.0,40.0,247.67,18.0,DEFAULT_VEHTYPE,1.13,45.0
139,274.0,422.0,148.0,601.19,82.0,DEFAULT_VEHTYPE,0.97,55.4054054054054
173,346.0,423.0,77.0,485.19,37.0,DEFAULT_VEHTYPE,1.12,48.05194805194805
203,406.0,424.0,18.0,108.76,0.0,DEFAULT_VEHTYPE,1.04,0.0
176,348.0,425.0,77.0,176.22,39.0,DEFAULT_VEHTYPE,1.03,50.649350649350644
188,368.0,427.0,59.0,133.42,32.0,DEFAULT_VEHTYPE,1.11,54.23728813559322
138,278.0,430.0,152.0,1074.75,49.0,DEFAULT_VEHTYPE,0.96,32.23684210526316
184,360.0,442.0,82.0,640.6,23.0,DEFAULT_VEHTYPE,1.02,28.04878048780488
180,350.0,452.0,102.0,791.83,50.0,DEFAULT_VEHTYPE,1.04,49.01960784313725
207,407.0,453.0,46.0,461.08,6.0,DEFAULT_VEHTYPE,0.93,13.043478260869565
169,340.0,457.0,117.0,1440.47,50.0,DEFAULT_VEHTYPE,1.15,42.73504273504273
205,399.0,457.0,58.0,220.12,34.0,DEFAULT_VEHTYPE,1.0,58.620689655172406
206,404.0,460.0,56.0,501.83,19.0,DEFAULT_VEHTYPE,1.07,33.92857142857143
185,360.0,462.0,102.0,777.97,44.0,DEFAULT_VEHTYPE,1.0,43.13725490196079
214,422.0,464.0,42.0,496.85,0.0,DEFAULT_VEHTYPE,0.91,0.0
213,419.0,465.0,46.0,465.24,11.0,DEFAULT_VEHTYPE,1.08,23.91304347826087
175,371.0,479.0,108.0,977.44,37.0,DEFAULT_VEHTYPE,1.01,34.25925925925926
208,408.0,481.0,73.0,1189.18,0.0,DEFAULT_VEHTYPE,1.06,0.0
178,349.0,490.0,141.0,1600.59,24.0,DEFAULT_VEHTYPE,0.96,17.02127659574468
218,433.0,493.0,60.0,671.62,4.0,DEFAULT_VEHTYPE,0.99,6.666666666666667
199,388.0,495.0,107.0,1361.25,6.0,DEFAULT_VEHTYPE,0.89,5.607476635514018
170,345.0,498.0,153.0,1389.84,54.0,DEFAULT_VEHTYPE,1.03,35.294117647058826
200,389.0,500.0,111.0,368.69,68.0,DEFAULT_VEHTYPE,1.0,61.261261261261254
215,424.0,502.0,78.0,776.82,12.0,DEFAULT_VEHTYPE,1.14,15.384615384615385
232,473.0,502.0,29.0,285.36,0.0,DEFAULT_VEHTYPE,0.94,0.0
244,496.0,502.0,6.0,34.43,0.0,DEFAULT_VEHTYPE,1.06,0.0
230,471.0,504.0,33.0,155.09,12.0,DEFAULT_VEHTYPE,1.03,36.36363636363637
236,480.0,509.0,29.0,96.65,5.0,DEFAULT_VEHTYPE,0.89,17.24137931034483
251,509.0,510.0,1.0,0.0,0.0,DEFAULT_VEHTYPE,1.03,0.0
195,382.0,517.0,135.0,948.51,43.0,DEFAULT_VEHTYPE,0.73,31.851851851851855
238,480.0,523.0,43.0,437.84,4.0,DEFAULT_VEHTYPE,0.96,9.30232558139535
212,463.0,527.0,64.0,885.53,0.0,DEFAULT_VEHTYPE,1.18,0.0
243,495.0,529.0,34.0,538.79,0.0,DEFAULT_VEHTYPE,1.08,0.0
217,433.0,539.0,106.0,1265.08,11.0,DEFAULT_VEHTYPE,1.08,10.377358490566039
256,521.0,540.0,19.0,147.03,0.0,DEFAULT_VEHTYPE,0.92,0.0
209,411.0,543.0,132.0,1392.4,31.0,DEFAULT_VEHTYPE,1.12,23.484848484848484
237,480.0,546.0,66.0,511.13,20.0,DEFAULT_VEHTYPE,1.14,30.303030303030305
247,498.0,549.0,51.0,102.27,41.0,DEFAULT_VEHTYPE,1.1,80.3921568627451
231,471.0,551.0,80.0,578.16,25.0,DEFAULT_VEHTYPE,0.98,31.25
262,546.0,551.0,5.0,21.92,1.0,DEFAULT_VEHTYPE,0.97,20.0
227,464.0,556.0,92.0,716.17,34.0,DEFAULT_VEHTYPE,1.0,36.95652173913043
240,490.0,557.0,67.0,878.1,2.0,DEFAULT_VEHTYPE,1.09,2.9850746268656714
255,519.0,559.0,40.0,440.16,6.0,DEFAULT_VEHTYPE,0.94,15.0
239,482.0,560.0,78.0,1106.85,6.0,DEFAULT_VEHTYPE,0.92,7.6923076923076925
219,436.0,562.0,126.0,1629.69,11.0,DEFAULT_VEHTYPE,1.13,8.73015873015873
216,435.0,563.0,128.0,1385.31,24.0,DEFAULT_VEHTYPE,0.88,18.75
221,445.0,565.0,120.0,1652.5,4.0,DEFAULT_VEHTYPE,1.05,3.3333333333333335
258,528.0,565.0,37.0,539.89,0.0,DEFAULT_VEHTYPE,0.89,0.0
280,564.0,567.0,3.0,8.65,0.0,DEFAULT_VEHTYPE,1.03,0.0
254,515.0,569.0,54.0,626.84,12.0,DEFAULT_VEHTYPE,1.08,22.22222222222222
272,555.0,573.0,18.0,271.47,0.0,DEFAULT_VEHTYPE,0.84,0.0
269,550.0,583.0,33.0,361.44,0.0,DEFAULT_VEHTYPE,1.1,0.0
233,474.0,586.0,112.0,1052.83,26.0,DEFAULT_VEHTYPE,1.09,23.214285714285715
281,570.0,586.0,16.0,79.07,0.0,DEFAULT_VEHTYPE,1.11,0.0
261,534.0,590.0,56.0,335.39,27.0,DEFAULT_VEHTYPE,0.97,48.214285714285715
282,580.0,593.0,13.0,79.07,0.0,DEFAULT_VEHTYPE,1.07,0.0
223,452.0,595.0,143.0,1315.74,43.0,DEFAULT_VEHTYPE,0.91,30.069930069930066
290,593.0,606.0,13.0,85.57,0.0,DEFAULT_VEHTYPE,0.98,0.0
295,604.0,607.0,3.0,10.33,0.0,DEFAULT_VEHTYPE,1.04,0.0
287,585.0,609.0,24.0,159.41,0.0,DEFAULT_VEHTYPE,0.97,0.0
278,569.0,610.0,41.0,478.77,0.0,DEFAULT_VEHTYPE,0.95,0.0
275,587.0,612.0,25.0,229.38,0.0,DEFAULT_VEHTYPE,1.06,0.0
271,553.0,617.0,64.0,517.64,22.0,DEFAULT_VEHTYPE,1.0,34.375
242,492.0,639.0,147.0,724.22,82.0,DEFAULT_VEHTYPE,1.03,55.78231292517006
288,588.0,645.0,57.0,256.71,36.0,DEFAULT_VEHTYPE,0.96,63.1578947368421
279,567.0,648.0,81.0,1023.97,12.0,DEFAULT_VEHTYPE,0.87,14.814814814814813
234,478.0,651.0,173.0,1440.82,58.0,DEFAULT_VEHTYPE,0.9,33.52601156069364
257,522.0,651.0,129.0,1143.43,42.0,DEFAULT_VEHTYPE,1.08,32.55813953488372
270,551.0,651.0,100.0,1123.69,32.0,DEFAULT_VEHTYPE,1.07,32.0
274,558.0,653.0,95.0,671.62,29.0,DEFAULT_VEHTYPE,0.87,30.526315789473685
273,556.0,655.0,99.0,637.45,33.0,DEFAULT_VEHTYPE,1.03,33.33333333333333
316,648.0,657.0,9.0,16.91,0.0,DEFAULT_VEHTYPE,1.02,0.0
284,579.0,659.0,80.0,626.84,30.0,DEFAULT_VEHTYPE,1.02,37.5
301,638.0,660.0,22.0,331.95,0.0,DEFAULT_VEHTYPE,0.97,0.0
327,657.0,660.0,3.0,11.45,0.0,DEFAULT_VEHTYPE,1.15,0.0
308,651.0,661.0,10.0,102.27,0.0,DEFAULT_VEHTYPE,1.0,0.0
311,643.0,661.0,18.0,317.76,0.0,DEFAULT_VEHTYPE,1.15,0.0
305,622.0,666.0,44.0,564.47,0.0,DEFAULT_VEHTYPE,1.07,0.0
331,665.0,666.0,1.0,0.0,0.0,DEFAULT_VEHTYPE,0.88,0.0
321,647.0,667.0,20.0,221.83,0.0,DEFAULT_VEHTYPE,1.11,0.0
263,541.0,668.0,127.0,1262.82,38.0,DEFAULT_VEHTYPE,0.9,29.92125984251969
318,645.0,673.0,28.0,649.69,0.0,DEFAULT_VEHTYPE,1.24,0.0
266,545.0,678.0,133.0,992.75,46.0,DEFAULT_VEHTYPE,0.93,34.58646616541353
333,666.0,678.0,12.0,117.47,1.0,DEFAULT_VEHTYPE,1.13,8.333333333333332
276,559.0,680.0,121.0,1264.5,31.0,DEFAULT_VEHTYPE,0.83,25.6198347107438
286,583.0,682.0,99.0,378.33,49.0,DEFAULT_VEHTYPE,1.0,49.494949494949495
298,609.0,682.0,73.0,1238.11,0.0,DEFAULT_VEHTYPE,1.1,0.0
326,687.0,688.0,1.0,0.0,0.0,DEFAULT_VEHTYPE,0.97,0.0
312,638.0,689.0,51.0,157.8,31.0,DEFAULT_VEHTYPE,0.84,60.78431372549019
297,609.0,690.0,81.0,292.09,46.0,DEFAULT_VEHTYPE,1.0,56.79012345679012
299,609.0,690.0,81.0,414.9,42.0,DEFAULT_VEHTYPE,0.83,51.85185185185185
294,635.0,691.0,56.0,1391.56,0.0,DEFAULT_VEHTYPE,1.1,0.0
322,647.0,691.0,44.0,210.37,17.0,DEFAULT_VEHTYPE,1.09,38.63636363636363
306,625.0,697.0,72.0,663.98,11.0,DEFAULT_VEHTYPE,0.91,15.277777777777779
250,510.0,704.0,194.0,2149.47,42.0,DEFAULT_VEHTYPE,1.03,21.649484536082475
356,698.0,707.0,9.0,89.42,0.0,DEFAULT_VEHTYPE,0.99,0.0
358,700.0,709.0,9.0,75.56,0.0,DEFAULT_VEHTYPE,0.98,0.0
317,644.0,710.0,66.0,937.09,0.0,DEFAULT_VEHTYPE,0.97,0.0
336,670.0,711.0,41.0,796.63,0.0,DEFAULT_VEHTYPE,1.01,0.0
337,671.0,713.0,42.0,783.06,0.0,DEFAULT_VEHTYPE,0.97,0.0
353,694.0,717.0,23.0,321.74,0.0,DEFAULT_VEHTYPE,1.11,0.0
335,668.0,724.0,56.0,262.35,24.0,DEFAULT_VEHTYPE,0.95,42.857142857142854
347,690.0,724.0,34.0,442.39,2.0,DEFAULT_VEHTYPE,0.97,5.88235294117647
343,678.0,726.0,48.0,485.35,7.0,DEFAULT_VEHTYPE,0.99,14.583333333333334
345,681.0,726.0,45.0,510.01,2.0,DEFAULT_VEHTYPE,1.01,4.444444444444445
371,726.0,727.0,1.0,0.0,0.0,DEFAULT_VEHTYPE,0.84,0.0
323,648.0,729.0,81.0,711.31,24.0,DEFAULT_VEHTYPE,0.99,29.629629629629626
351,724.0,729.0,5.0,21.92,0.0,DEFAULT_VEHTYPE,1.14,0.0
325,651.0,731.0,80.0,921.55,11.0,DEFAULT_VEHTYPE,1.14,13.750000000000002
367,717.0,733.0,16.0,256.83,0.0,DEFAULT_VEHTYPE,1.3,0.0
330,662.0,738.0,76.0,702.12,30.0,DEFAULT_VEHTYPE,1.04,39.473684210526315
354,695.0,739.0,44.0,716.17,0.0,DEFAULT_VEHTYPE,0.93,0.0
349,688.0,743.0,55.0,361.44,15.0,DEFAULT_VEHTYPE,1.04,27.27272727272727
303,617.0,744.0,127.0,965.13,44.0,DEFAULT_VEHTYPE,1.07,34.645669291338585
332,665.0,746.0,81.0,1044.34,0.0,DEFAULT_VEHTYPE,1.1,0.0
359,702.0,748.0,46.0,449.89,8.0,DEFAULT_VEHTYPE,0.88,17.391304347826086
328,657.0,762.0,105.0,1341.66,14.0,DEFAULT_VEHTYPE,0.91,13.333333333333334
385,746.0,762.0,16.0,243.41,0.0,DEFAULT_VEHTYPE,0.96,0.0
315,642.0,765.0,123.0,1313.61,30.0,DEFAULT_VEHTYPE,1.06,24.390243902439025
381,741.0,770.0,29.0,66.89,14.0,DEFAULT_VEHTYPE,1.13,48.275862068965516
389,751.0,770.0,19.0,326.46,0.0,DEFAULT_VEHTYPE,0.98,0.0
355,698.0,773.0,75.0,654.34,12.0,DEFAULT_VEHTYPE,0.88,16.0
392,754.0,774.0,20.0,129.27,0.0,DEFAULT_VEHTYPE,1.26,0.0
403,776.0,780.0,4.0,5.46,1.0,DEFAULT_VEHTYPE,0.87,25.0
329,659.0,781.0,122.0,1361.8,34.0,DEFAULT_VEHTYPE,0.96,27.86885245901639
300,612.0,787.0,175.0,1597.48,52.0,DEFAULT_VEHTYPE,1.09,29.714285714285715
395,768.0,787.0,19.0,113.96,0.0,DEFAULT_VEHTYPE,0.97,0.0
324,649.0,792.0,143.0,1414.02,34.0,DEFAULT_VEHTYPE,1.04,23.776223776223777
362,705.0,795.0,90.0,647.63,26.0,DEFAULT_VEHTYPE,0.71,28.888888888888886
401,773.0,796.0,23.0,159.71,0.0,DEFAULT_VEHTYPE,0.85,0.0
404,777.0,798.0,21.0,369.59,0.0,DEFAULT_VEHTYPE,1.21,0.0
368,718.0,801.0,83.0,546.89,34.0,DEFAULT_VEHTYPE,1.01,40.963855421686745
406,784.0,801.0,17.0,91.45,0.0,DEFAULT_VEHTYPE,0.97,0.0
396,762.0,802.0,40.0,328.16,0.0,DEFAULT_VEHTYPE,0.87,0.0
408,784.0,814.0,30.0,337.88,1.0,DEFAULT_VEHTYPE,0.99,3.3333333333333335
344,689.0,820.0,131.0,1392.6,40.0,DEFAULT_VEHTYPE,1.02,30.53435114503817
366,710.0,820.0,110.0,945.77,35.0,DEFAULT_VEHTYPE,0.96,31.818181818181817
390,752.0,821.0,69.0,596.12,17.0,DEFAULT_VEHTYPE,0.92,24.637681159420293
391,753.0,822.0,69.0,594.65,16.0,DEFAULT_VEHTYPE,0.96,23.18840579710145
375,738.0,824.0,86.0,894.82,11.0,DEFAULT_VEHTYPE,0.75,12.790697674418606
384,745.0,828.0,83.0,726.6,40.0,DEFAULT_VEHTYPE,1.13,48.19277108433735
405,780.0,831.0,51.0,850.4,0.0,DEFAULT_VEHTYPE,0.99,0.0
383,744.0,833.0,89.0,1495.84,7.0,DEFAULT_VEHTYPE,0.96,7.865168539325842
399,768.0,836.0,68.0,1014.97,0.0,DEFAULT_VEHTYPE,0.98,0.0
402,775.0,840.0,65.0,945.77,0.0,DEFAULT_VEHTYPE,0.97,0.0
434,841.0,848.0,7.0,51.79,0.0,DEFAULT_VEHTYPE,1.16,0.0
437,845.0,849.0,4.0,6.7,1.0,DEFAULT_VEHTYPE,1.07,25.0
438,846.0,849.0,3.0,8.65,0.0,DEFAULT_VEHTYPE,0.94,0.0
398,765.0,850.0,85.0,1144.72,3.0,DEFAULT_VEHTYPE,1.05,3.5294117647058822
410,799.0,854.0,55.0,556.09,7.0,DEFAULT_VEHTYPE,1.08,12.727272727272727
421,816.0,857.0,41.0,11.49,38.0,DEFAULT_VEHTYPE,1.19,92.6829268292683
413,793.0,860.0,67.0,327.86,28.0,DEFAULT_VEHTYPE,1.02,41.7910447761194
416,800.0,860.0,60.0,872.71,0.0,DEFAULT_VEHTYPE,0.98,0.0
415,815.0,863.0,48.0,138.99,23.0,DEFAULT_VEHTYPE,1.04,47.91666666666667
433,840.0,866.0,26.0,93.55,7.0,DEFAULT_VEHTYPE,0.98,26.923076923076923
446,859.0,869.0,10.0,102.61,0.0,DEFAULT_VEHTYPE,0.99,0.0
441,852.0,871.0,19.0,306.13,0.0,DEFAULT_VEHTYPE,1.04,0.0
426,825.0,877.0,52.0,434.24,16.0,DEFAULT_VEHTYPE,1.09,30.76923076923077
450,871.0,878.0,7.0,26.45,0.0,DEFAULT_VEHTYPE,1.05,0.0
456,877.0,878.0,1.0,0.0,0.0,DEFAULT_VEHTYPE,1.21,0.0
414,794.0,883.0,89.0,367.26,54.0,DEFAULT_VEHTYPE,0.76,60.67415730337079
382,742.0,890.0,148.0,1824.39,19.0,DEFAULT_VEHTYPE,1.04,12.837837837837837
429,861.0,892.0,31.0,458.78,2.0,DEFAULT_VEHTYPE,1.05,6.451612903225806
420,813.0,893.0,80.0,1022.65,0.0,DEFAULT_VEHTYPE,1.1,0.0
453,870.0,902.0,32.0,10.38,29.0,DEFAULT_VEHTYPE,1.11,90.625
422,818.0,908.0,90.0,850.4,31.0,DEFAULT_VEHTYPE,0.97,34.44444444444444
459,906.0,913.0,7.0,51.91,0.0,DEFAULT_VEHTYPE,1.13,0.0
465,899.0,925.0,26.0,393.9,0.0,DEFAULT_VEHTYPE,0.87,0.0
412,793.0,931.0,138.0,1219.02,38.0,DEFAULT_VEHTYPE,0.95,27.536231884057973
419,811.0,931.0,120.0,950.17,40.0,DEFAULT_VEHTYPE,0.89,33.33333333333333
423,822.0,932.0,110.0,938.47,26.0,DEFAULT_VEHTYPE,0.97,23.636363636363637
427,828.0,935.0,107.0,1263.94,24.0,DEFAULT_VEHTYPE,1.14,22.429906542056074
471,918.0,936.0,18.0,226.06,2.0,DEFAULT_VEHTYPE,1.01,11.11111111111111
443,855.0,939.0,84.0,1170.67,1.0,DEFAULT_VEHTYPE,0.96,1.1904761904761905
431,837.0,940.0,103.0,1629.69,0.0,DEFAULT_VEHTYPE,1.1,0.0
461,885.0,940.0,55.0,760.02,0.0,DEFAULT_VEHTYPE,0.98,0.0
439,847.0,941.0,94.0,1174.89,14.0,DEFAULT_VEHTYPE,0.98,14.893617021276595
463,895.0,941.0,46.0,872.67,0.0,DEFAULT_VEHTYPE,1.13,0.0
452,870.0,943.0,73.0,1169.55,0.0,DEFAULT_VEHTYPE,1.09,0.0
432,840.0,950.0,110.0,628.74,49.0,DEFAULT_VEHTYPE,0.98,44.54545454545455
466,901.0,950.0,49.0,333.87,19.0,DEFAULT_VEHTYPE,0.87,38.775510204081634
430,836.0,953.0,117.0,355.36,75.0,DEFAULT_VEHTYPE,0.96,64.1025641025641
451,903.0,954.0,51.0,150.44,26.0,DEFAULT_VEHTYPE,0.9,50.98039215686274
464,898.0,956.0,58.0,626.02,2.0,DEFAULT_VEHTYPE,1.16,3.4482758620689653
488,956.0,957.0,1.0,0.0,0.0,DEFAULT_VEHTYPE,1.16,0.0
467,907.0,958.0,51.0,46.82,36.0,DEFAULT_VEHTYPE,0.82,70.58823529411765
479,936.0,962.0,26.0,116.91,5.0,DEFAULT_VEHTYPE,0.96,19.230769230769234
444,858.0,963.0,105.0,948.51,33.0,DEFAULT_VEHTYPE,1.06,31.428571428571427
454,873.0,965.0,92.0,327.59,49.0,DEFAULT_VEHTYPE,1.07,53.2608695652174
473,922.0,966.0,44.0,210.37,16.0,DEFAULT_VEHTYPE,0.93,36.36363636363637
485,947.0,980.0,33.0,346.22,7.0,DEFAULT_VEHTYPE,0.93,21.21212121212121
475,929.0,996.0,67.0,416.33,35.0,DEFAULT_VEHTYPE,0.95,52.23880597014925
442,855.0,999.0,144.0,1387.17,40.0,DEFAULT_VEHTYPE,0.98,27.77777777777778
445,858.0,999.0,141.0,1123.89,49.0,DEFAULT_VEHTYPE,0.99,34.751773049645394
469,915.0,999.0,84.0,542.05,35.0,DEFAULT_VEHTYPE,0.94,41.66666666666667
458,880.0,1003.0,123.0,1264.76,38.0,DEFAULT_VEHTYPE,1.15,30.89430894308943
506,998.0,1003.0,5.0,16.91,0.0,DEFAULT_VEHTYPE,1.13,0.0
495,974.0,1004.0,30.0,266.04,3.0,DEFAULT_VEHTYPE,1.11,10.0
478,933.0,1012.0,79.0,702.12,31.0,DEFAULT_VEHTYPE,0.9,39.24050632911392
487,952.0,1012.0,60.0,918.65,0.0,DEFAULT_VEHTYPE,0.89,0.0
493,999.0,1012.0,13.0,133.92,1.0,DEFAULT_VEHTYPE,0.96,7.6923076923076925
482,940.0,1014.0,74.0,1067.4,3.0,DEFAULT_VEHTYPE,1.02,4.054054054054054
462,889.0,1015.0,126.0,1315.74,29.0,DEFAULT_VEHTYPE,1.18,23.015873015873016
509,1004.0,1019.0,15.0,139.62,0.0,DEFAULT_VEHTYPE,1.02,0.0
484,946.0,1028.0,82.0,621.95,30.0,DEFAULT_VEHTYPE,1.01,36.58536585365854
504,1002.0,1033.0,31.0,394.02,9.0,DEFAULT_VEHTYPE,1.11,29.03225806451613
521,1033.0,1037.0,4.0,14.19,0.0,DEFAULT_VEHTYPE,0.95,0.0
494,972.0,1038.0,66.0,1144.71,0.0,DEFAULT_VEHTYPE,1.17,0.0
522,1036.0,1042.0,6.0,35.31,0.0,DEFAULT_VEHTYPE,1.2,0.0
491,1001.0,1051.0,50.0,759.46,3.0,DEFAULT_VEHTYPE,1.02,6.0
497,983.0,1054.0,71.0,349.2,43.0,DEFAULT_VEHTYPE,1.0,60.56338028169014
530,1056.0,1059.0,3.0,8.65,0.0,DEFAULT_VEHTYPE,1.0,0.0
511,1045.0,1062.0,17.0,239.35,0.0,DEFAULT_VEHTYPE,0.97,0.0
523,1036.0,1063.0,27.0,430.97,0.0,DEFAULT_VEHTYPE,0.9,0.0
505,995.0,1066.0,71.0,439.96,21.0,DEFAULT_VEHTYPE,0.82,29.577464788732392
510,1006.0,1066.0,60.0,546.89,17.0,DEFAULT_VEHTYPE,0.82,28.333333333333332
477,934.0,1082.0,148.0,1300.15,52.0,DEFAULT_VEHTYPE,1.0,35.13513513513514
496,981.0,1083.0,102.0,1294.68,11.0,DEFAULT_VEHTYPE,0.86,10.784313725490197
540,1077.0,1083.0,6.0,40.8,0.0,DEFAULT_VEHTYPE,0.81,0.0
537,1083.0,1087.0,4.0,15.68,0.0,DEFAULT_VEHTYPE,1.01,0.0
531,1057.0,1090.0,33.0,244.66,6.0,DEFAULT_VEHTYPE,1.14,18.181818181818183
528,1050.0,1091.0,41.0,511.13,0.0,DEFAULT_VEHTYPE,1.11,0.0
498,985.0,1097.0,112.0,938.83,40.0,DEFAULT_VEHTYPE,0.95,35.714285714285715
519,1024.0,1102.0,78.0,616.57,21.0,DEFAULT_VEHTYPE,0.86,26.923076923076923
503,994.0,1103.0,109.0,1381.35,43.0,DEFAULT_VEHTYPE,0.94,39.44954128440367
517,1021.0,1103.0,82.0,894.11,14.0,DEFAULT_VEHTYPE,0.95,17.073170731707318
549,1100.0,1105.0,5.0,21.27,0.0,DEFAULT_VEHTYPE,1.14,0.0
545,1091.0,1106.0,15.0,190.42,0.0,DEFAULT_VEHTYPE,0.85,0.0
508,1001.0,1108.0,107.0,897.5,40.0,DEFAULT_VEHTYPE,0.9,37.38317757009346
502,988.0,1116.0,128.0,1269.8,42.0,DEFAULT_VEHTYPE,0.98,32.8125
547,1099.0,1121.0,22.0,221.66,0.0,DEFAULT_VEHTYPE,0.96,0.0
486,997.0,1126.0,129.0,1074.75,39.0,DEFAULT_VEHTYPE,1.18,30.23255813953488
515,1016.0,1126.0,110.0,1237.99,19.0,DEFAULT_VEHTYPE,0.96,17.272727272727273
512,1015.0,1128.0,113.0,1015.11,46.0,DEFAULT_VEHTYPE,1.03,40.707964601769916
513,1015.0,1128.0,113.0,581.12,46.0,DEFAULT_VEHTYPE,0.98,40.707964601769916
520,1028.0,1130.0,102.0,1000.93,28.0,DEFAULT_VEHTYPE,1.19,27.450980392156865
514,1048.0,1131.0,83.0,906.1,8.0,DEFAULT_VEHTYPE,1.03,9.63855421686747
526,1085.0,1131.0,46.0,128.85,21.0,DEFAULT_VEHTYPE,0.99,45.65217391304348
543,1089.0,1131.0,42.0,292.46,7.0,DEFAULT_VEHTYPE,0.92,16.666666666666664
533,1064.0,1132.0,68.0,1391.56,9.0,DEFAULT_VEHTYPE,1.11,13.23529411764706
538,1128.0,1133.0,5.0,28.8,0.0,DEFAULT_VEHTYPE,0.91,0.0
558,1116.0,1139.0,23.0,392.16,0.0,DEFAULT_VEHTYPE,1.07,0.0
518,1022.0,1143.0,121.0,641.15,68.0,DEFAULT_VEHTYPE,1.08,56.19834710743802
527,1047.0,1145.0,98.0,827.28,45.0,DEFAULT_VEHTYPE,1.12,45.91836734693878
566,1130.0,1148.0,18.0,326.46,0.0,DEFAULT_VEHTYPE,1.12,0.0
534,1069.0,1149.0,80.0,930.22,10.0,DEFAULT_VEHTYPE,0.94,12.5
563,1125.0,1150.0,25.0,365.34,0.0,DEFAULT_VEHTYPE,1.14,0.0
542,1088.0,1154.0,66.0,645.66,19.0,DEFAULT_VEHTYPE,1.08,28.78787878787879
560,1133.0,1155.0,22.0,398.81,0.0,DEFAULT_VEHTYPE,1.0,0.0
548,1099.0,1157.0,58.0,198.01,23.0,DEFAULT_VEHTYPE,0.85,39.6551724137931
559,1116.0,1159.0,43.0,499.58,1.0,DEFAULT_VEHTYPE,1.11,2.3255813953488373
554,1112.0,1160.0,48.0,492.55,12.0,DEFAULT_VEHTYPE,0.99,25.0
532,1062.0,1164.0,102.0,813.71,42.0,DEFAULT_VEHTYPE,1.02,41.17647058823529
572,1142.0,1183.0,41.0,350.29,11.0,DEFAULT_VEHTYPE,0.98,26.82926829268293
561,1123.0,1184.0,61.0,594.65,10.0,DEFAULT_VEHTYPE,1.12,16.39344262295082
541,1080.0,1186.0,106.0,845.43,37.0,DEFAULT_VEHTYPE,1.1,34.90566037735849
575,1153.0,1186.0,33.0,462.2,0.0,DEFAULT_VEHTYPE,1.02,0.0
550,1103.0,1198.0,95.0,1221.41,4.0,DEFAULT_VEHTYPE,1.1,4.2105263157894735
583,1167.0,1203.0,36.0,485.91,0.0,DEFAULT_VEHTYPE,0.86,0.0
581,1166.0,1205.0,39.0,513.18,3.0,DEFAULT_VEHTYPE,0.95,7.6923076923076925
562,1124.0,1207.0,83.0,1505.51,0.0,DEFAULT_VEHTYPE,1.19,0.0
587,1173.0,1207.0,34.0,528.47,0.0,DEFAULT_VEHTYPE,0.98,0.0
603,1195.0,1209.0,14.0,190.42,0.0,DEFAULT_VEHTYPE,1.01,0.0
582,1166.0,1213.0,47.0,747.34,0.0,DEFAULT_VEHTYPE,0.96,0.0
602,1194.0,1213.0,19.0,320.44,0.0,DEFAULT_VEHTYPE,1.01,0.0
555,1113.0,1215.0,102.0,1192.72,9.0,DEFAULT_VEHTYPE,0.9,8.823529411764707
564,1129.0,1220.0,91.0,804.6,40.0,DEFAULT_VEHTYPE,0.98,43.956043956043956
594,1182.0,1220.0,38.0,70.05,24.0,DEFAULT_VEHTYPE,0.92,63.1578947368421
557,1114.0,1224.0,110.0,1294.68,15.0,DEFAULT_VEHTYPE,0.93,13.636363636363635
573,1151.0,1228.0,77.0,358.36,46.0,DEFAULT_VEHTYPE,1.03,59.74025974025974
615,1220.0,1229.0,9.0,75.56,0.0,DEFAULT_VEHTYPE,1.05,0.0
584,1170.0,1230.0,60.0,383.16,26.0,DEFAULT_VEHTYPE,1.01,43.333333333333336
578,1162.0,1232.0,70.0,575.17,27.0,DEFAULT_VEHTYPE,1.1,38.57142857142858
590,1176.0,1234.0,58.0,144.26,34.0,DEFAULT_VEHTYPE,1.0,58.620689655172406
599,1226.0,1234.0,8.0,44.01,1.0,DEFAULT_VEHTYPE,1.05,12.5
608,1207.0,1237.0,30.0,271.81,6.0,DEFAULT_VEHTYPE,1.05,20.0
556,1116.0,1239.0,123.0,827.28,49.0,DEFAULT_VEHTYPE,1.19,39.83739837398374
622,1239.0,1248.0,9.0,79.55,0.0,DEFAULT_VEHTYPE,1.06,0.0
614,1220.0,1253.0,33.0,427.58,0.0,DEFAULT_VEHTYPE,0.83,0.0
596,1191.0,1263.0,72.0,158.66,29.0,DEFAULT_VEHTYPE,0.94,40.27777777777778
611,1214.0,1264.0,50.0,239.52,25.0,DEFAULT_VEHTYPE,0.97,50.0
629,1250.0,1265.0,15.0,130.12,0.0,DEFAULT_VEHTYPE,1.17,0.0
568,1133.0,1268.0,135.0,1207.84,48.0,DEFAULT_VEHTYPE,1.26,35.55555555555556
593,1180.0,1272.0,92.0,852.36,29.0,DEFAULT_VEHTYPE,1.11,31.521739130434785
595,1184.0,1272.0,88.0,1469.37,16.0,DEFAULT_VEHTYPE,1.03,18.181818181818183
544,1090.0,1274.0,184.0,1398.02,70.0,DEFAULT_VEHTYPE,0.84,38.04347826086957
569,1136.0,1275.0,139.0,948.33,57.0,DEFAULT_VEHTYPE,1.07,41.007194244604314
616,1224.0,1275.0,51.0,131.66,33.0,DEFAULT_VEHTYPE,1.05,64.70588235294117
592,1179.0,1280.0,101.0,594.65,39.0,DEFAULT_VEHTYPE,1.13,38.613861386138616
585,1170.0,1283.0,113.0,1123.57,36.0,DEFAULT_VEHTYPE,0.99,31.858407079646017
635,1267.0,1283.0,16.0,262.24,0.0,DEFAULT_VEHTYPE,0.96,0.0
607,1224.0,1286.0,62.0,777.97,1.0,DEFAULT_VEHTYPE,1.05,1.6129032258064515
591,1179.0,1287.0,108.0,1358.48,0.0,DEFAULT_VEHTYPE,1.07,0.0
589,1176.0,1288.0,112.0,1424.77,0.0,DEFAULT_VEHTYPE,0.8,0.0
637,1282.0,1289.0,7.0,34.6,0.0,DEFAULT_VEHTYPE,1.02,0.0
612,1216.0,1290.0,74.0,1189.18,0.0,DEFAULT_VEHTYPE,1.23,0.0
613,1287.0,1290.0,3.0,5.46,1.0,DEFAULT_VEHTYPE,1.32,33.33333333333333
588,1174.0,1291.0,117.0,992.75,29.0,DEFAULT_VEHTYPE,0.97,24.786324786324787
606,1219.0,1302.0,83.0,897.67,0.0,DEFAULT_VEHTYPE,0.88,0.0
626,1242.0,1302.0,60.0,852.94,0.0,DEFAULT_VEHTYPE,1.04,0.0
586,1171.0,1303.0,132.0,1361.25,33.0,DEFAULT_VEHTYPE,1.1,25.0
648,1287.0,1304.0,17.0,253.22,0.0,DEFAULT_VEHTYPE,0.98,0.0
621,1236.0,1311.0,75.0,626.02,6.0,DEFAULT_VEHTYPE,0.76,8.0
633,1307.0,1312.0,5.0,21.96,0.0,DEFAULT_VEHTYPE,1.11,0.0
634,1264.0,1312.0,48.0,345.86,5.0,DEFAULT_VEHTYPE,1.24,10.416666666666668
632,1254.0,1313.0,59.0,599.69,0.0,DEFAULT_VEHTYPE,0.93,0.0
631,1252.0,1315.0,63.0,122.75,48.0,DEFAULT_VEHTYPE,0.89,76.19047619047619
650,1294.0,1315.0,21.0,345.01,0.0,DEFAULT_VEHTYPE,0.99,0.0
641,1274.0,1317.0,43.0,653.94,0.0,DEFAULT_VEHTYPE,0.88,0.0
653,1305.0,1321.0,16.0,225.68,0.0,DEFAULT_VEHTYPE,0.89,0.0
638,1272.0,1323.0,51.0,378.4,24.0,DEFAULT_VEHTYPE,1.2,47.05882352941176
625,1245.0,1328.0,83.0,1294.63,0.0,DEFAULT_VEHTYPE,0.88,0.0
657,1312.0,1329.0,17.0,261.56,0.0,DEFAULT_VEHTYPE,0.8,0.0
630,1250.0,1332.0,82.0,380.86,47.0,DEFAULT_VEHTYPE,0.93,57.3170731707317
552,1107.0,1335.0,228.0,2175.86,57.0,DEFAULT_VEHTYPE,1.06,25.0
636,1269.0,1335.0,66.0,634.75,17.0,DEFAULT_VEHTYPE,0.97,25.757575757575758
539,1077.0,1337.0,260.0,2149.47,87.0,DEFAULT_VEHTYPE,0.93,33.46153846153846
659,1318.0,1338.0,20.0,355.67,0.0,DEFAULT_VEHTYPE,1.12,0.0
577,1159.0,1339.0,180.0,1784.19,35.0,DEFAULT_VEHTYPE,1.09,19.444444444444446
654,1306.0,1352.0,46.0,492.49,6.0,DEFAULT_VEHTYPE,1.08,13.043478260869565
646,1281.0,1359.0,78.0,830.97,20.0,DEFAULT_VEHTYPE,1.07,25.64102564102564
679,1355.0,1361.0,6.0,37.6,0.0,DEFAULT_VEHTYPE,0.99,0.0
647,1282.0,1362.0,80.0,501.83,42.0,DEFAULT_VEHTYPE,0.89,52.5
675,1344.0,1365.0,21.0,243.41,5.0,DEFAULT_VEHTYPE,1.02,23.809523809523807
652,1304.0,1370.0,66.0,345.01,39.0,DEFAULT_VEHTYPE,0.86,59.09090909090909
663,1329.0,1372.0,43.0,790.64,0.0,DEFAULT_VEHTYPE,1.16,0.0
642,1278.0,1377.0,99.0,950.17,34.0,DEFAULT_VEHTYPE,1.12,34.34343434343434
655,1311.0,1385.0,74.0,596.0,27.0,DEFAULT_VEHTYPE,1.11,36.486486486486484
674,1361.0,1398.0,37.0,483.34,0.0,DEFAULT_VEHTYPE,1.04,0.0
666,1334.0,1401.0,67.0,755.15,0.0,DEFAULT_VEHTYPE,0.99,0.0
600,1191.0,1402.0,211.0,1358.92,99.0,DEFAULT_VEHTYPE,0.97,46.91943127962085
682,1364.0,1404.0,40.0,702.12,0.0,DEFAULT_VEHTYPE,1.03,0.0
686,1370.0,1405.0,35.0,446.35,0.0,DEFAULT_VEHTYPE,0.99,0.0
683,1365.0,1407.0,42.0,702.34,0.0,DEFAULT_VEHTYPE,1.04,0.0
661,1352.0,1409.0,57.0,173.41,30.0,DEFAULT_VEHTYPE,1.01,52.63157894736842
677,1349.0,1409.0,60.0,327.86,25.0,DEFAULT_VEHTYPE,0.96,41.66666666666667
702,1394.0,1409.0,15.0,215.25,0.0,DEFAULT_VEHTYPE,1.18,0.0
707,1403.0,1411.0,8.0,48.83,0.0,DEFAULT_VEHTYPE,1.17,0.0
665,1331.0,1413.0,82.0,414.96,45.0,DEFAULT_VEHTYPE,1.06,54.87804878048781
658,1318.0,1414.0,96.0,355.36,50.0,DEFAULT_VEHTYPE,0.77,52.083333333333336
664,1330.0,1415.0,85.0,777.04,37.0,DEFAULT_VEHTYPE,1.21,43.529411764705884
685,1369.0,1417.0,48.0,897.54,0.0,DEFAULT_VEHTYPE,1.08,0.0
673,1340.0,1424.0,84.0,581.12,25.0,DEFAULT_VEHTYPE,0.94,29.761904761904763
668,1335.0,1430.0,95.0,654.21,34.0,DEFAULT_VEHTYPE,1.0,35.78947368421053
692,1381.0,1436.0,55.0,157.21,18.0,DEFAULT_VEHTYPE,1.06,32.72727272727273
691,1381.0,1437.0,56.0,897.35,0.0,DEFAULT_VEHTYPE,1.24,0.0
716,1418.0,1437.0,19.0,247.67,0.0,DEFAULT_VEHTYPE,1.11,0.0
701,1393.0,1439.0,46.0,380.86,13.0,DEFAULT_VEHTYPE,1.13,28.26086956521739
699,1393.0,1441.0,48.0,409.76,10.0,DEFAULT_VEHTYPE,1.04,20.833333333333336
711,1411.0,1441.0,30.0,140.71,4.0,DEFAULT_VEHTYPE,0.92,13.333333333333334
676,1347.0,1443.0,96.0,799.79,40.0,DEFAULT_VEHTYPE,1.04,41.66666666666667
681,1360.0,1454.0,94.0,850.4,31.0,DEFAULT_VEHTYPE,0.94,32.97872340425532
660,1320.0,1457.0,137.0,1482.7,44.0,DEFAULT_VEHTYPE,0.92,32.11678832116788
695,1386.0,1458.0,72.0,345.01,47.0,DEFAULT_VEHTYPE,0.94,65.27777777777779
670,1337.0,1460.0,123.0,1520.32,38.0,DEFAULT_VEHTYPE,0.87,30.89430894308943
672,1338.0,1461.0,123.0,1112.27,53.0,DEFAULT_VEHTYPE,1.04,43.08943089430895
678,1351.0,1461.0,110.0,1146.38,34.0,DEFAULT_VEHTYPE,0.98,30.909090909090907
717,1421.0,1461.0,40.0,434.35,9.0,DEFAULT_VEHTYPE,1.02,22.5
694,1384.0,1462.0,78.0,702.12,33.0,DEFAULT_VEHTYPE,1.09,42.30769230769231
712,1414.0,1462.0,48.0,1054.22,0.0,DEFAULT_VEHTYPE,0.93,0.0
723,1455.0,1464.0,9.0,61.12,0.0,DEFAULT_VEHTYPE,1.05,0.0
743,1458.0,1465.0,7.0,39.15,0.0,DEFAULT_VEHTYPE,0.97,0.0
703,1447.0,1468.0,21.0,342.24,0.0,DEFAULT_VEHTYPE,0.85,0.0
739,1454.0,1474.0,20.0,321.35,0.0,DEFAULT_VEHTYPE,1.03,0.0
669,1363.0,1484.0,121.0,1484.39,31.0,DEFAULT_VEHTYPE,1.06,25.6198347107438
763,1487.0,1488.0,1.0,0.0,0.0,DEFAULT_VEHTYPE,0.99,0.0
680,1358.0,1495.0,137.0,608.39,71.0,DEFAULT_VEHTYPE,0.88,51.82481751824818
697,1386.0,1495.0,109.0,626.02,38.0,DEFAULT_VEHTYPE,1.08,34.862385321100916
741,1456.0,1495.0,39.0,328.16,0.0,DEFAULT_VEHTYPE,0.86,0.0
722,1429.0,1497.0,68.0,165.42,35.0,DEFAULT_VEHTYPE,0.69,51.470588235294116
704,1452.0,1499.0,47.0,787.36,0.0,DEFAULT_VEHTYPE,1.11,0.0
758,1480.0,1500.0,20.0,253.82,4.0,DEFAULT_VEHTYPE,0.99,20.0
725,1497.0,1501.0,4.0,5.46,1.0,DEFAULT_VEHTYPE,1.01,25.0
736,1446.0,1502.0,56.0,197.89,23.0,DEFAULT_VEHTYPE,1.03,41.07142857142857
687,1375.0,1505.0,130.0,677.04,74.0,DEFAULT_VEHTYPE,0.98,56.92307692307692
706,1401.0,1507.0,106.0,505.93,51.0,DEFAULT_VEHTYPE,0.93,48.113207547169814
708,1404.0,1507.0,103.0,1347.73,1.0,DEFAULT_VEHTYPE,1.24,0.9708737864077669
709,1408.0,1507.0,99.0,545.15,48.0,DEFAULT_VEHTYPE,1.07,48.484848484848484
731,1458.0,1507.0,49.0,105.54,23.0,DEFAULT_VEHTYPE,1.08,46.93877551020408
772,1504.0,1511.0,7.0,33.15,0.0,DEFAULT_VEHTYPE,1.1,0.0
729,1436.0,1512.0,76.0,579.6,21.0,DEFAULT_VEHTYPE,1.07,27.631578947368425
767,1495.0,1513.0,18.0,298.85,0.0,DEFAULT_VEHTYPE,0.95,0.0
737,1456.0,1515.0,59.0,207.42,23.0,DEFAULT_VEHTYPE,1.05,38.983050847457626
700,1449.0,1518.0,69.0,436.23,17.0,DEFAULT_VEHTYPE,1.16,24.637681159420293
732,1451.0,1519.0,68.0,483.97,20.0,DEFAULT_VEHTYPE,0.91,29.411764705882355
771,1503.0,1520.0,17.0,285.04,0.0,DEFAULT_VEHTYPE,0.93,0.0
734,1509.0,1524.0,15.0,212.13,0.0,DEFAULT_VEHTYPE,0.91,0.0
750,1467.0,1534.0,67.0,406.83,37.0,DEFAULT_VEHTYPE,1.01,55.223880597014926
759,1480.0,1535.0,55.0,405.34,16.0,DEFAULT_VEHTYPE,1.21,29.09090909090909
787,1523.0,1538.0,15.0,215.25,0.0,DEFAULT_VEHTYPE,1.02,0.0
715,1417.0,1542.0,125.0,1387.17,16.0,DEFAULT_VEHTYPE,0.96,12.8
735,1511.0,1543.0,32.0,97.91,14.0,DEFAULT_VEHTYPE,0.92,43.75
792,1542.0,1543.0,1.0,0.0,0.0,DEFAULT_VEHTYPE,1.0,0.0
789,1524.0,1544.0,20.0,226.19,0.0,DEFAULT_VEHTYPE,0.84,0.0
740,1455.0,1545.0,90.0,685.99,36.0,DEFAULT_VEHTYPE,1.11,40.0
773,1537.0,1545.0,8.0,54.94,0.0,DEFAULT_VEHTYPE,1.17,0.0
770,1500.0,1549.0,49.0,773.73,0.0,DEFAULT_VEHTYPE,0.85,0.0
782,1516.0,1549.0,33.0,237.51,8.0,DEFAULT_VEHTYPE,1.0,24.242424242424242
775,1532.0,1553.0,21.0,331.95,0.0,DEFAULT_VEHTYPE,1.12,0.0
727,1498.0,1558.0,60.0,556.09,7.0,DEFAULT_VEHTYPE,1.09,11.666666666666666
689,1379.0,1562.0,183.0,2175.86,28.0,DEFAULT_VEHTYPE,1.08,15.300546448087433
765,1489.0,1564.0,75.0,955.52,4.0,DEFAULT_VEHTYPE,0.86,5.333333333333334
813,1572.0,1573.0,1.0,0.0,0.0,DEFAULT_VEHTYPE,1.03,0.0
800,1543.0,1576.0,33.0,539.89,0.0,DEFAULT_VEHTYPE,1.13,0.0
778,1508.0,1580.0,72.0,173.69,43.0,DEFAULT_VEHTYPE,1.01,59.72222222222222
781,1513.0,1580.0,67.0,126.95,40.0,DEFAULT_VEHTYPE,0.98,59.70149253731343
811,1568.0,1589.0,21.0,239.35,2.0,DEFAULT_VEHTYPE,1.24,9.523809523809524
761,1485.0,1590.0,105.0,1412.2,1.0,DEFAULT_VEHTYPE,0.97,0.9523809523809524
779,1543.0,1590.0,47.0,560.45,0.0,DEFAULT_VEHTYPE,1.04,0.0
726,1442.0,1591.0,149.0,1758.89,40.0,DEFAULT_VEHTYPE,1.01,26.845637583892618
760,1484.0,1595.0,111.0,1085.09,30.0,DEFAULT_VEHTYPE,1.02,27.027027027027028
744,1464.0,1596.0,132.0,85.42,81.0,DEFAULT_VEHTYPE,1.02,61.36363636363637
797,1542.0,1600.0,58.0,1361.59,0.0,DEFAULT_VEHTYPE,0.99,0.0
756,1478.0,1601.0,123.0,1124.73,34.0,DEFAULT_VEHTYPE,1.02,27.64227642276423
817,1581.0,1602.0,21.0,329.74,0.0,DEFAULT_VEHTYPE,0.9,0.0
803,1547.0,1604.0,57.0,85.42,27.0,DEFAULT_VEHTYPE,0.99,47.368421052631575
793,1531.0,1606.0,75.0,594.23,8.0,DEFAULT_VEHTYPE,0.96,10.666666666666668
801,1580.0,1609.0,29.0,5.46,26.0,DEFAULT_VEHTYPE,0.95,89.65517241379311
821,1594.0,1611.0,17.0,275.63,0.0,DEFAULT_VEHTYPE,0.98,0.0
783,1517.0,1614.0,97.0,1372.56,0.0,DEFAULT_VEHTYPE,1.17,0.0
742,1458.0,1615.0,157.0,800.71,75.0,DEFAULT_VEHTYPE,0.98,47.77070063694268
809,1562.0,1624.0,62.0,1308.11,0.0,DEFAULT_VEHTYPE,0.86,0.0
786,1524.0,1626.0,102.0,813.42,44.0,DEFAULT_VEHTYPE,0.89,43.13725490196079
823,1602.0,1629.0,27.0,406.83,0.0,DEFAULT_VEHTYPE,0.95,0.0
746,1461.0,1632.0,171.0,1340.0,64.0,DEFAULT_VEHTYPE,0.99,37.42690058479532
790,1525.0,1632.0,107.0,640.05,39.0,DEFAULT_VEHTYPE,0.9,36.44859813084112
764,1488.0,1634.0,146.0,948.33,60.0,DEFAULT_VEHTYPE,1.04,41.0958904109589
806,1555.0,1640.0,85.0,442.43,48.0,DEFAULT_VEHTYPE,0.98,56.470588235294116
825,1604.0,1640.0,36.0,515.53,0.0,DEFAULT_VEHTYPE,0.92,0.0
830,1620.0,1644.0,24.0,393.9,0.0,DEFAULT_VEHTYPE,1.0,0.0
824,1603.0,1648.0,45.0,678.84,0.0,DEFAULT_VEHTYPE,0.98,0.0
776,1535.0,1657.0,122.0,991.63,38.0,DEFAULT_VEHTYPE,1.02,31.147540983606557
833,1627.0,1667.0,40.0,46.82,30.0,DEFAULT_VEHTYPE,0.95,75.0
777,1506.0,1669.0,163.0,969.28,65.0,DEFAULT_VEHTYPE,0.9,39.87730061349693
844,1649.0,1669.0,20.0,342.24,0.0,DEFAULT_VEHTYPE,0.93,0.0
835,1631.0,1675.0,44.0,680.25,0.0,DEFAULT_VEHTYPE,1.06,0.0
804,1555.0,1680.0,125.0,297.29,82.0,DEFAULT_VEHTYPE,1.0,65.60000000000001
724,1449.0,1687.0,238.0,2175.86,74.0,DEFAULT_VEHTYPE,1.12,31.092436974789916
791,1530.0,1688.0,158.0,546.73,98.0,DEFAULT_VEHTYPE,1.13,62.0253164556962
719,1446.0,1691.0,245.0,2175.86,78.0,DEFAULT_VEHTYPE,1.01,31.83673469387755
841,1646.0,1699.0,53.0,1377.37,0.0,DEFAULT_VEHTYPE,1.12,0.0
867,1699.0,1705.0,6.0,6.02,3.0,DEFAULT_VEHTYPE,1.0,50.0
866,1695.0,1707.0,12.0,75.83,0.0,DEFAULT_VEHTYPE,1.14,0.0
784,1520.0,1715.0,195.0,915.7,116.0,DEFAULT_VEHTYPE,0.96,59.48717948717949
855,1664.0,1717.0,53.0,654.07,4.0,DEFAULT_VEHTYPE,0.95,7.547169811320755
807,1556.0,1719.0,163.0,965.22,73.0,DEFAULT_VEHTYPE,0.93,44.785276073619634
814,1584.0,1721.0,137.0,826.18,72.0,DEFAULT_VEHTYPE,1.06,52.55474452554745
856,1714.0,1724.0,10.0,21.14,4.0,DEFAULT_VEHTYPE,0.94,40.0
859,1672.0,1731.0,59.0,902.85,0.0,DEFAULT_VEHTYPE,1.06,0.0
860,1677.0,1734.0,57.0,145.25,36.0,DEFAULT_VEHTYPE,1.05,63.1578947368421
871,1701.0,1735.0,34.0,501.83,0.0,DEFAULT_VEHTYPE,1.11,0.0
875,1725.0,1735.0,10.0,24.57,3.0,DEFAULT_VEHTYPE,1.02,30.0
876,1731.0,1739.0,8.0,36.66,0.0,DEFAULT_VEHTYPE,1.02,0.0
863,1684.0,1742.0,58.0,130.12,38.0,DEFAULT_VEHTYPE,1.02,65.51724137931035
885,1718.0,1742.0,24.0,392.16,0.0,DEFAULT_VEHTYPE,1.03,0.0
893,1739.0,1756.0,17.0,272.98,0.0,DEFAULT_VEHTYPE,1.02,0.0
890,1728.0,1762.0,34.0,515.41,0.0,DEFAULT_VEHTYPE,1.03,0.0
868,1699.0,1767.0,68.0,1144.72,0.0,DEFAULT_VEHTYPE,1.01,0.0
854,1664.0,1775.0,111.0,666.06,66.0,DEFAULT_VEHTYPE,0.92,59.45945945945946
905,1764.0,1781.0,17.0,289.2,0.0,DEFAULT_VEHTYPE,1.1,0.0
899,1750.0,1784.0,34.0,436.25,0.0,DEFAULT_VEHTYPE,0.93,0.0
896,1745.0,1798.0,53.0,1308.11,0.0,DEFAULT_VEHTYPE,1.05,0.0
909,1771.0,1817.0,46.0,649.69,2.0,DEFAULT_VEHTYPE,0.84,4.3478260869565215
911,1775.0,1819.0,44.0,591.7,3.0,DEFAULT_VEHTYPE,0.97,6.8181818181818175
916,1787.0,1824.0,37.0,485.91,0.0,DEFAULT_VEHTYPE,0.81,0.0
919,1796.0,1829.0,33.0,539.89,0.0,DEFAULT_VEHTYPE,1.01,0.0
931,1824.0,1841.0,17.0,262.27,0.0,DEFAULT_VEHTYPE,0.83,0.0
939,1837.0,1842.0,5.0,22.97,0.0,DEFAULT_VEHTYPE,1.05,0.0
913,1782.0,1847.0,65.0,1118.27,0.0,DEFAULT_VEHTYPE,0.96,0.0
882,1716.0,1848.0,132.0,1262.94,41.0,DEFAULT_VEHTYPE,0.9,31.060606060606062
945,1852.0,1855.0,3.0,12.9,0.0,DEFAULT_VEHTYPE,1.0,0.0
956,1876.0,1893.0,17.0,262.27,0.0,DEFAULT_VEHTYPE,1.13,0.0
943,1848.0,1895.0,47.0,235.25,23.0,DEFAULT_VEHTYPE,0.94,48.93617021276596
954,1896.0,1909.0,13.0,117.47,1.0,DEFAULT_VEHTYPE,0.89,7.6923076923076925
960,1893.0,1909.0,16.0,266.79,0.0,DEFAULT_VEHTYPE,0.99,0.0
935,1828.0,1910.0,82.0,1067.4,17.0,DEFAULT_VEHTYPE,1.06,20.73170731707317
967,1901.0,1910.0,9.0,38.2,0.0,DEFAULT_VEHTYPE,0.92,0.0
941,1843.0,1912.0,69.0,1093.79,0.0,DEFAULT_VEHTYPE,1.06,0.0
951,1862.0,1916.0,54.0,808.0,0.0,DEFAULT_VEHTYPE,0.88,0.0
966,1899.0,1925.0,26.0,391.06,0.0,DEFAULT_VEHTYPE,0.97,0.0
963,1897.0,1934.0,37.0,527.37,0.0,DEFAULT_VEHTYPE,1.02,0.0
923,1807.0,1938.0,131.0,1291.63,43.0,DEFAULT_VEHTYPE,0.87,32.82442748091603
831,1622.0,1975.0,353.0,536.7,302.0,DEFAULT_VEHTYPE,1.09,85.55240793201133
857,1674.0,1981.0,307.0,93.14,301.0,DEFAULT_VEHTYPE,0.93,98.0456026058632
832,1624.0,1997.0,373.0,908.48,298.0,DEFAULT_VEHTYPE,1.01,79.89276139410187
785,1521.0,1998.0,477.0,563.83,416.0,DEFAULT_VEHTYPE,0.97,87.21174004192872
993,1965.0,2006.0,41.0,488.07,2.0,DEFAULT_VEHTYPE,0.94,4.878048780487805
996,1970.0,2013.0,43.0,710.82,0.0,DEFAULT_VEHTYPE,0.96,0.0
981,1931.0,2018.0,87.0,1144.72,4.0,DEFAULT_VEHTYPE,0.93,4.597701149425287
970,1905.0,2023.0,118.0,1291.63,34.0,DEFAULT_VEHTYPE,1.11,28.8135593220339
1003,1992.0,2025.0,33.0,439.3,0.0,DEFAULT_VEHTYPE,0.79,0.0
927,1818.0,2028.0,210.0,22.74,200.0,DEFAULT_VEHTYPE,1.0,95.23809523809523
819,1588.0,2035.0,447.0,351.83,354.0,DEFAULT_VEHTYPE,1.02,79.19463087248322
872,1702.0,2035.0,333.0,447.88,304.0,DEFAULT_VEHTYPE,1.0,91.29129129129129
799,1539.0,2037.0,498.0,638.24,404.0,DEFAULT_VEHTYPE,0.93,81.12449799196787
829,2030.0,2044.0,14.0,57.96,0.0,DEFAULT_VEHTYPE,1.12,0.0
810,1567.0,2045.0,478.0,654.34,390.0,DEFAULT_VEHTYPE,0.86,81.58995815899581
822,1679.0,2054.0,375.0,378.4,340.0,DEFAULT_VEHTYPE,0.93,90.66666666666666
808,1557.0,2055.0,498.0,813.71,416.0,DEFAULT_VEHTYPE,1.07,83.53413654618474
874,1703.0,2055.0,352.0,605.72,287.0,DEFAULT_VEHTYPE,1.18,81.5340909090909
886,1722.0,2055.0,333.0,159.71,293.0,DEFAULT_VEHTYPE,1.05,87.98798798798799
957,1881.0,2060.0,179.0,473.77,133.0,DEFAULT_VEHTYPE,1.02,74.30167597765363
851,1664.0,2063.0,399.0,282.74,301.0,DEFAULT_VEHTYPE,1.0,75.43859649122807
1011,2007.0,2063.0,56.0,1331.08,0.0,DEFAULT_VEHTYPE,0.99,0.0
994,1967.0,2069.0,102.0,2127.01,0.0,DEFAULT_VEHTYPE,0.98,0.0
929,1821.0,2076.0,255.0,44.7,236.0,DEFAULT_VEHTYPE,1.03,92.54901960784314
843,1644.0,2077.0,433.0,625.3,301.0,DEFAULT_VEHTYPE,0.97,69.5150115473441
1010,2006.0,2079.0,73.0,830.97,16.0,DEFAULT_VEHTYPE,1.14,21.91780821917808
1019,2023.0,2083.0,60.0,527.49,10.0,DEFAULT_VEHTYPE,0.87,16.666666666666664
820,1613.0,2087.0,474.0,1424.95,389.0,DEFAULT_VEHTYPE,0.97,82.0675105485232
1043,2071.0,2087.0,16.0,239.52,0.0,DEFAULT_VEHTYPE,0.94,0.0
972,1920.0,2088.0,168.0,1044.34,81.0,DEFAULT_VEHTYPE,1.22,48.214285714285715
1032,2053.0,2090.0,37.0,373.12,0.0,DEFAULT_VEHTYPE,1.31,0.0
1023,2031.0,2092.0,61.0,408.37,25.0,DEFAULT_VEHTYPE,1.0,40.98360655737705
1049,2085.0,2104.0,19.0,350.29,0.0,DEFAULT_VEHTYPE,0.99,0.0
879,1709.0,2107.0,398.0,261.34,301.0,DEFAULT_VEHTYPE,1.08,75.62814070351759
892,1731.0,2112.0,381.0,918.65,300.0,DEFAULT_VEHTYPE,1.13,78.74015748031496
1056,2096.0,2113.0,17.0,238.06,0.0,DEFAULT_VEHTYPE,0.92,0.0
1005,1998.0,2117.0,119.0,1189.18,20.0,DEFAULT_VEHTYPE,1.14,16.80672268907563
1012,2012.0,2117.0,105.0,1144.71,23.0,DEFAULT_VEHTYPE,1.18,21.904761904761905
864,1975.0,2122.0,147.0,1035.46,75.0,DEFAULT_VEHTYPE,0.96,51.02040816326531
1062,2117.0,2123.0,6.0,33.03,0.0,DEFAULT_VEHTYPE,1.12,0.0
1036,2072.0,2124.0,52.0,394.02,30.0,DEFAULT_VEHTYPE,1.01,57.692307692307686
834,1639.0,2129.0,490.0,108.76,446.0,DEFAULT_VEHTYPE,0.93,91.02040816326532
1042,2071.0,2129.0,58.0,1361.59,0.0,DEFAULT_VEHTYPE,0.99,0.0
877,1708.0,2130.0,422.0,238.73,353.0,DEFAULT_VEHTYPE,1.13,83.64928909952607
1001,1989.0,2134.0,145.0,777.04,77.0,DEFAULT_VEHTYPE,1.09,53.103448275862064
964,1898.0,2135.0,237.0,993.04,151.0,DEFAULT_VEHTYPE,1.13,63.71308016877637
933,1826.0,2136.0,310.0,1900.35,166.0,DEFAULT_VEHTYPE,0.98,53.5483870967742
1025,2051.0,2140.0,89.0,430.97,47.0,DEFAULT_VEHTYPE,0.82,52.80898876404494
836,2120.0,2144.0,24.0,389.82,0.0,DEFAULT_VEHTYPE,1.06,0.0
1045,2077.0,2155.0,78.0,275.63,52.0,DEFAULT_VEHTYPE,1.08,66.66666666666666
1021,2029.0,2163.0,134.0,785.85,77.0,DEFAULT_VEHTYPE,1.11,57.46268656716418
1084,2163.0,2168.0,5.0,22.97,0.0,DEFAULT_VEHTYPE,0.94,0.0
1051,2102.0,2169.0,67.0,38.2,51.0,DEFAULT_VEHTYPE,1.1,76.11940298507463
1055,2095.0,2170.0,75.0,114.35,49.0,DEFAULT_VEHTYPE,1.0,65.33333333333333
1020,2024.0,2182.0,158.0,1983.64,48.0,DEFAULT_VEHTYPE,1.07,30.37974683544304
1108,2198.0,2202.0,4.0,15.68,0.0,DEFAULT_VEHTYPE,0.98,0.0
1124,2221.0,2240.0,19.0,315.04,0.0,DEFAULT_VEHTYPE,0.97,0.0
887,1726.0,2403.0,677.0,536.01,632.0,DEFAULT_VEHTYPE,1.22,93.35302806499261
826,1615.0,2413.0,798.0,551.62,703.0,DEFAULT_VEHTYPE,1.07,88.09523809523809
805,1551.0,2417.0,866.0,596.46,781.0,DEFAULT_VEHTYPE,0.83,90.18475750577367
1208,2366.0,2417.0,51.0,1361.59,0.0,DEFAULT_VEHTYPE,1.17,0.0
816,1578.0,2419.0,841.0,1088.94,727.0,DEFAULT_VEHTYPE,0.93,86.4447086801427
818,1583.0,2419.0,836.0,107.12,785.0,DEFAULT_VEHTYPE,0.97,93.89952153110048
847,1651.0,2420.0,769.0,970.01,582.0,DEFAULT_VEHTYPE,1.0,75.68270481144343
1240,2421.0,2423.0,2.0,6.69,0.0,DEFAULT_VEHTYPE,0.96,0.0
861,1677.0,2430.0,753.0,1688.32,584.0,DEFAULT_VEHTYPE,1.13,77.55644090305445
837,2126.0,2438.0,312.0,58.08,301.0,DEFAULT_VEHTYPE,1.25,96.47435897435898
950,1860.0,2448.0,588.0,1694.36,491.0,DEFAULT_VEHTYPE,1.14,83.50340136054422
873,2130.0,2456.0,326.0,454.01,301.0,DEFAULT_VEHTYPE,0.9,92.33128834355828
1069,2126.0,2468.0,342.0,596.12,301.0,DEFAULT_VEHTYPE,1.03,88.01169590643275
1119,2438.0,2486.0,48.0,35.54,35.0,DEFAULT_VEHTYPE,1.03,72.91666666666666
1281,2496.0,2523.0,27.0,261.56,3.0,DEFAULT_VEHTYPE,0.9,11.11111111111111
1269,2479.0,2534.0,55.0,1345.4,0.0,DEFAULT_VEHTYPE,1.05,0.0
1303,2534.0,2535.0,1.0,0.0,0.0,DEFAULT_VEHTYPE,0.97,0.0
1306,2539.0,2557.0,18.0,284.53,0.0,DEFAULT_VEHTYPE,0.95,0.0
1105,2194.0,2591.0,397.0,296.54,329.0,DEFAULT_VEHTYPE,1.03,82.87153652392946
1327,2581.0,2598.0,17.0,272.98,0.0,DEFAULT_VEHTYPE,1.09,0.0
1338,2612.0,2629.0,17.0,261.56,0.0,DEFAULT_VEHTYPE,0.98,0.0
1342,2618.0,2638.0,20.0,355.51,0.0,DEFAULT_VEHTYPE,1.03,0.0
1372,2674.0,2678.0,4.0,17.31,0.0,DEFAULT_VEHTYPE,1.07,0.0
888,1727.0,2701.0,974.0,309.51,931.0,DEFAULT_VEHTYPE,1.01,95.58521560574948
1077,2148.0,2727.0,579.0,197.65,549.0,DEFAULT_VEHTYPE,1.05,94.81865284974094
1356,2635.0,2729.0,94.0,1287.02,0.0,DEFAULT_VEHTYPE,1.11,0.0
1377,2681.0,2730.0,49.0,1054.22,0.0,DEFAULT_VEHTYPE,0.93,0.0
946,1852.0,2736.0,884.0,1652.25,743.0,DEFAULT_VEHTYPE,1.07,84.0497737556561
999,1980.0,2740.0,760.0,302.12,710.0,DEFAULT_VEHTYPE,0.99,93.42105263157895
1311,2722.0,2741.0,19.0,307.38,0.0,DEFAULT_VEHTYPE,0.92,0.0
1126,2432.0,2742.0,310.0,670.85,257.0,DEFAULT_VEHTYPE,0.99,82.9032258064516
1375,2676.0,2743.0,67.0,852.94,0.0,DEFAULT_VEHTYPE,0.92,0.0
984,1938.0,2754.0,816.0,311.33,756.0,DEFAULT_VEHTYPE,1.06,92.64705882352942
989,1955.0,2769.0,814.0,89.42,782.0,DEFAULT_VEHTYPE,1.1,96.06879606879608
1015,2018.0,2772.0,754.0,361.89,712.0,DEFAULT_VEHTYPE,1.01,94.42970822281167
975,1924.0,2793.0,869.0,645.66,798.0,DEFAULT_VEHTYPE,0.9,91.82968929804373
1425,2780.0,2798.0,18.0,295.95,0.0,DEFAULT_VEHTYPE,0.99,0.0
1131,2727.0,2799.0,72.0,10.38,68.0,DEFAULT_VEHTYPE,1.1,94.44444444444444
917,1792.0,2803.0,1011.0,628.74,923.0,DEFAULT_VEHTYPE,1.04,91.29574678536103
1104,2194.0,2805.0,611.0,628.74,535.0,DEFAULT_VEHTYPE,1.03,87.56137479541735
1063,2128.0,2806.0,678.0,786.41,602.0,DEFAULT_VEHTYPE,0.95,88.79056047197639
1047,2081.0,2820.0,739.0,234.68,617.0,DEFAULT_VEHTYPE,0.87,83.49120433017592
1089,2430.0,2820.0,390.0,81.73,345.0,DEFAULT_VEHTYPE,0.96,88.46153846153845
1114,2204.0,2822.0,618.0,114.11,524.0,DEFAULT_VEHTYPE,0.88,84.78964401294499
1068,2130.0,2826.0,696.0,1123.69,599.0,DEFAULT_VEHTYPE,0.88,86.0632183908046
1439,2811.0,2829.0,18.0,220.6,0.0,DEFAULT_VEHTYPE,0.97,0.0
1076,2144.0,2831.0,687.0,626.88,615.0,DEFAULT_VEHTYPE,0.95,89.51965065502183
1157,2269.0,2833.0,564.0,626.88,493.0,DEFAULT_VEHTYPE,1.05,87.41134751773049
1035,2160.0,2836.0,676.0,492.88,559.0,DEFAULT_VEHTYPE,0.95,82.6923076923077
1132,2233.0,2839.0,606.0,159.71,564.0,DEFAULT_VEHTYPE,0.95,93.06930693069307
1266,2823.0,2843.0,20.0,317.76,1.0,DEFAULT_VEHTYPE,0.94,5.0
840,1638.0,2845.0,1207.0,607.27,1114.0,DEFAULT_VEHTYPE,1.05,92.29494614747308
1162,2274.0,2852.0,578.0,110.53,552.0,DEFAULT_VEHTYPE,0.92,95.50173010380622
850,1656.0,2856.0,1200.0,442.39,1139.0,DEFAULT_VEHTYPE,1.05,94.91666666666667
1340,2799.0,2860.0,61.0,1366.99,0.0,DEFAULT_VEHTYPE,0.91,0.0
1164,2277.0,2862.0,585.0,450.86,512.0,DEFAULT_VEHTYPE,0.95,87.52136752136752
1285,2504.0,2864.0,360.0,328.16,306.0,DEFAULT_VEHTYPE,1.01,85.0
1335,2602.0,2870.0,268.0,539.15,213.0,DEFAULT_VEHTYPE,1.14,79.47761194029852
1215,2502.0,2871.0,369.0,300.24,337.0,DEFAULT_VEHTYPE,0.99,91.32791327913279
1246,2431.0,2877.0,446.0,529.72,391.0,DEFAULT_VEHTYPE,1.14,87.66816143497758
1228,2398.0,2885.0,487.0,1035.31,384.0,DEFAULT_VEHTYPE,0.86,78.85010266940452
1152,2260.0,2886.0,626.0,798.5,540.0,DEFAULT_VEHTYPE,1.19,86.26198083067092
1151,2259.0,2888.0,629.0,749.64,551.0,DEFAULT_VEHTYPE,0.87,87.5993640699523
1163,2277.0,2890.0,613.0,797.95,505.0,DEFAULT_VEHTYPE,1.03,82.38172920065253
1203,2355.0,2891.0,536.0,168.96,459.0,DEFAULT_VEHTYPE,0.99,85.63432835820896
1179,2308.0,2895.0,587.0,803.92,472.0,DEFAULT_VEHTYPE,0.76,80.40885860306643
1127,2431.0,2896.0,465.0,85.61,413.0,DEFAULT_VEHTYPE,0.97,88.81720430107526
1191,2321.0,2896.0,575.0,114.35,539.0,DEFAULT_VEHTYPE,1.08,93.73913043478261
1182,2312.0,2897.0,585.0,798.5,467.0,DEFAULT_VEHTYPE,1.18,79.82905982905983
1128,2228.0,2898.0,670.0,262.35,629.0,DEFAULT_VEHTYPE,1.01,93.88059701492537
1189,2319.0,2900.0,581.0,190.42,542.0,DEFAULT_VEHTYPE,0.79,93.28743545611016
901,1974.0,2901.0,927.0,1474.57,825.0,DEFAULT_VEHTYPE,1.06,88.9967637540453
1141,2244.0,2902.0,658.0,262.35,615.0,DEFAULT_VEHTYPE,1.0,93.46504559270517
1165,2281.0,2903.0,622.0,1118.27,501.0,DEFAULT_VEHTYPE,1.06,80.54662379421221
906,2129.0,2904.0,775.0,799.79,657.0,DEFAULT_VEHTYPE,0.95,84.7741935483871
1206,2361.0,2904.0,543.0,797.95,420.0,DEFAULT_VEHTYPE,1.07,77.34806629834254
1101,2190.0,2908.0,718.0,1211.49,565.0,DEFAULT_VEHTYPE,1.14,78.6908077994429
990,2132.0,2909.0,777.0,828.48,653.0,DEFAULT_VEHTYPE,1.0,84.04118404118404
1066,2808.0,2911.0,103.0,408.21,67.0,DEFAULT_VEHTYPE,1.06,65.0485436893204
1154,2265.0,2912.0,647.0,716.17,581.0,DEFAULT_VEHTYPE,1.14,89.79907264296754
1477,2899.0,2916.0,17.0,295.95,0.0,DEFAULT_VEHTYPE,1.14,0.0
998,1975.0,2918.0,943.0,1308.74,675.0,DEFAULT_VEHTYPE,1.0,71.58006362672322
1250,2904.0,2919.0,15.0,118.03,0.0,DEFAULT_VEHTYPE,0.77,0.0
1245,2430.0,2923.0,493.0,726.6,378.0,DEFAULT_VEHTYPE,1.01,76.67342799188641
1253,2446.0,2924.0,478.0,898.89,349.0,DEFAULT_VEHTYPE,1.06,73.01255230125523
1224,2390.0,2926.0,536.0,1948.03,350.0,DEFAULT_VEHTYPE,0.88,65.29850746268657
1197,2342.0,2931.0,589.0,153.33,536.0,DEFAULT_VEHTYPE,0.97,91.00169779286928
839,1637.0,2940.0,1303.0,198.01,1210.0,DEFAULT_VEHTYPE,1.06,92.86262471220262
1143,2931.0,2943.0,12.0,64.34,0.0,DEFAULT_VEHTYPE,1.01,0.0
1463,2874.0,2951.0,77.0,155.09,50.0,DEFAULT_VEHTYPE,0.99,64.93506493506493
1171,2290.0,2954.0,664.0,469.66,608.0,DEFAULT_VEHTYPE,0.99,91.56626506024097
1442,2817.0,2957.0,140.0,846.05,52.0,DEFAULT_VEHTYPE,1.18,37.142857142857146
1407,2735.0,2959.0,224.0,948.51,130.0,DEFAULT_VEHTYPE,0.94,58.03571428571429
930,1988.0,2964.0,976.0,414.96,904.0,DEFAULT_VEHTYPE,0.88,92.62295081967213
845,1648.0,2974.0,1326.0,378.19,1231.0,DEFAULT_VEHTYPE,1.11,92.83559577677225
1106,2195.0,2978.0,783.0,1033.46,556.0,DEFAULT_VEHTYPE,0.76,71.00893997445722
1117,2214.0,2987.0,773.0,992.28,644.0,DEFAULT_VEHTYPE,1.04,83.3117723156533
1295,2907.0,2991.0,84.0,425.41,46.0,DEFAULT_VEHTYPE,0.99,54.761904761904766
1419,2767.0,2991.0,224.0,678.29,129.0,DEFAULT_VEHTYPE,1.03,57.58928571428571
1434,2810.0,2991.0,181.0,252.59,111.0,DEFAULT_VEHTYPE,0.92,61.32596685082873
1200,2350.0,2993.0,643.0,1240.18,490.0,DEFAULT_VEHTYPE,0.96,76.20528771384136
1471,2884.0,2994.0,110.0,659.36,43.0,DEFAULT_VEHTYPE,0.91,39.09090909090909
1378,2681.0,2995.0,314.0,998.61,196.0,DEFAULT_VEHTYPE,1.19,62.42038216560509
1379,2682.0,2998.0,316.0,1240.18,182.0,DEFAULT_VEHTYPE,0.9,57.59493670886076
1270,2480.0,2999.0,519.0,1415.71,354.0,DEFAULT_VEHTYPE,1.04,68.20809248554913
1502,2941.0,2999.0,58.0,816.29,0.0,DEFAULT_VEHTYPE,1.19,0.0
1193,2334.0,3001.0,667.0,1174.89,548.0,DEFAULT_VEHTYPE,1.09,82.15892053973015
1329,2590.0,3001.0,411.0,1211.49,283.0,DEFAULT_VEHTYPE,1.04,68.85644768856449
1323,2574.0,3002.0,428.0,961.45,311.0,DEFAULT_VEHTYPE,1.0,72.66355140186917
1300,2528.0,3003.0,475.0,1262.1,352.0,DEFAULT_VEHTYPE,1.12,74.10526315789474
1169,2281.0,3008.0,727.0,1106.33,470.0,DEFAULT_VEHTYPE,0.81,64.64924346629986
1533,3010.0,3015.0,5.0,21.59,0.0,DEFAULT_VEHTYPE,0.9,0.0
1540,3033.0,3040.0,7.0,44.56,0.0,DEFAULT_VEHTYPE,0.9,0.0
1399,3002.0,3069.0,67.0,129.57,46.0,DEFAULT_VEHTYPE,0.77,68.65671641791045
1198,2486.0,3071.0,585.0,1035.46,440.0,DEFAULT_VEHTYPE,0.86,75.21367521367522
1092,2176.0,3078.0,902.0,602.11,842.0,DEFAULT_VEHTYPE,0.97,93.34811529933481
1500,2938.0,3080.0,142.0,515.41,87.0,DEFAULT_VEHTYPE,0.94,61.267605633802816
880,1712.0,3100.0,1388.0,1338.6,1257.0,DEFAULT_VEHTYPE,1.05,90.56195965417866
1400,3117.0,3118.0,1.0,0.0,0.0,DEFAULT_VEHTYPE,1.05,0.0
1094,2427.0,3124.0,697.0,559.44,636.0,DEFAULT_VEHTYPE,0.89,91.24820659971306
846,1650.0,3146.0,1496.0,487.78,1419.0,DEFAULT_VEHTYPE,0.87,94.85294117647058
1591,3149.0,3166.0,17.0,271.47,0.0,DEFAULT_VEHTYPE,0.93,0.0
1072,2892.0,3227.0,335.0,773.65,239.0,DEFAULT_VEHTYPE,0.93,71.34328358208955
1481,2911.0,3229.0,318.0,747.34,231.0,DEFAULT_VEHTYPE,1.03,72.64150943396226
1547,3045.0,3239.0,194.0,627.55,143.0,DEFAULT_VEHTYPE,0.98,73.71134020618557
1644,3230.0,3269.0,39.0,646.23,0.0,DEFAULT_VEHTYPE,1.27,0.0
1664,3262.0,3276.0,14.0,200.64,0.0,DEFAULT_VEHTYPE,0.97,0.0
1428,3286.0,3287.0,1.0,0.0,0.0,DEFAULT_VEHTYPE,1.09,0.0
1158,2271.0,3296.0,1025.0,279.46,909.0,DEFAULT_VEHTYPE,1.1,88.6829268292683
1214,2959.0,3298.0,339.0,536.7,301.0,DEFAULT_VEHTYPE,1.07,88.79056047197639
1478,3292.0,3312.0,20.0,122.26,9.0,DEFAULT_VEHTYPE,0.94,45.0
1665,3306.0,3313.0,7.0,44.01,1.0,DEFAULT_VEHTYPE,0.98,14.285714285714285
1684,3308.0,3313.0,5.0,22.97,0.0,DEFAULT_VEHTYPE,1.21,0.0
1454,3287.0,3318.0,31.0,329.8,1.0,DEFAULT_VEHTYPE,1.1,3.225806451612903
1690,3316.0,3323.0,7.0,44.56,0.0,DEFAULT_VEHTYPE,0.83,0.0
1517,2965.0,3326.0,361.0,644.93,301.0,DEFAULT_VEHTYPE,1.03,83.37950138504155
1666,3267.0,3328.0,61.0,1361.59,0.0,DEFAULT_VEHTYPE,0.91,0.0
1321,2569.0,3343.0,774.0,117.16,661.0,DEFAULT_VEHTYPE,1.07,85.40051679586563
1704,3333.0,3350.0,17.0,271.47,0.0,DEFAULT_VEHTYPE,1.01,0.0
1678,3298.0,3356.0,58.0,1308.11,0.0,DEFAULT_VEHTYPE,0.93,0.0
1252,2978.0,3362.0,384.0,256.71,351.0,DEFAULT_VEHTYPE,1.05,91.40625
961,1893.0,3364.0,1471.0,230.59,1417.0,DEFAULT_VEHTYPE,0.99,96.32902787219578
1173,2292.0,3366.0,1074.0,1166.37,910.0,DEFAULT_VEHTYPE,0.99,84.72998137802608
1495,3002.0,3375.0,373.0,242.52,332.0,DEFAULT_VEHTYPE,0.92,89.00804289544236
1053,2088.0,3377.0,1289.0,1344.54,1150.0,DEFAULT_VEHTYPE,1.04,89.21644685802949
1060,2114.0,3380.0,1266.0,141.33,1200.0,DEFAULT_VEHTYPE,0.98,94.7867298578199
1187,2317.0,3394.0,1077.0,1652.5,865.0,DEFAULT_VEHTYPE,1.0,80.31569173630456
1293,3009.0,3397.0,388.0,279.52,338.0,DEFAULT_VEHTYPE,1.09,87.11340206185567
1138,2239.0,3404.0,1165.0,288.98,1112.0,DEFAULT_VEHTYPE,0.87,95.45064377682402
1209,2369.0,3405.0,1036.0,1034.13,879.0,DEFAULT_VEHTYPE,0.84,84.84555984555985
1315,2558.0,3425.0,867.0,291.44,622.0,DEFAULT_VEHTYPE,1.11,71.74163783160323
1134,2235.0,3428.0,1193.0,488.97,1124.0,DEFAULT_VEHTYPE,0.93,94.2162615255658
1313,2555.0,3434.0,879.0,1144.72,724.0,DEFAULT_VEHTYPE,1.02,82.36632536973833
884,1717.0,3442.0,1725.0,1775.06,1547.0,DEFAULT_VEHTYPE,0.9,89.68115942028986
1753,3447.0,3465.0,18.0,298.85,0.0,DEFAULT_VEHTYPE,1.13,0.0
1267,2740.0,3467.0,727.0,28.76,691.0,DEFAULT_VEHTYPE,1.02,95.04814305364512
1156,2955.0,3469.0,514.0,35.54,499.0,DEFAULT_VEHTYPE,1.03,97.08171206225681
1768,3466.0,3469.0,3.0,8.65,0.0,DEFAULT_VEHTYPE,0.98,0.0
1150,2952.0,3471.0,519.0,128.58,504.0,DEFAULT_VEHTYPE,1.12,97.10982658959537
1268,2970.0,3473.0,503.0,35.54,491.0,DEFAULT_VEHTYPE,0.97,97.61431411530815
1099,2189.0,3475.0,1286.0,943.86,1194.0,DEFAULT_VEHTYPE,1.14,92.84603421461898
878,1709.0,3498.0,1789.0,449.37,1715.0,DEFAULT_VEHTYPE,1.1,95.86361095584125
1754,3450.0,3547.0,97.0,24.01,92.0,DEFAULT_VEHTYPE,1.14,94.84536082474226
1760,3542.0,3560.0,18.0,317.76,0.0,DEFAULT_VEHTYPE,1.06,0.0
1088,2398.0,3561.0,1163.0,765.21,1003.0,DEFAULT_VEHTYPE,1.01,86.24247635425624
1821,3569.0,3574.0,5.0,33.03,0.0,DEFAULT_VEHTYPE,1.12,0.0
1819,3561.0,3577.0,16.0,248.5,0.0,DEFAULT_VEHTYPE,1.11,0.0
1244,2429.0,3581.0,1152.0,1639.12,1012.0,DEFAULT_VEHTYPE,0.95,87.84722222222221
AVERAGE,,,160.48275862068965,,108.48156956004756,,,67.59702443578382
